n_step,f_best,f_avg,f_std,test_f1_best
1,0.9489700575559988,0.9489700575559988,0.0,0.0537005178039263
10,0.9046062217292428,0.9529289111742487,0.013577383981015937,0.09115612057949522
